,accuracy,precision,recall,f1,auc,mcc
Logistic Regression,0.9824561403508771,0.9861111111111112,0.9861111111111112,0.9861111111111112,0.9953703703703703,0.9623015873015873
Decision Tree,0.9122807017543859,0.9558823529411765,0.9027777777777778,0.9285714285714286,0.9156746031746031,0.8174119974927639
KNN,0.956140350877193,0.958904109589041,0.9722222222222222,0.9655172413793104,0.9788359788359788,0.9054466190452621
Naive Bayes,0.9298245614035088,0.9444444444444444,0.9444444444444444,0.9444444444444444,0.9867724867724867,0.8492063492063492
Random Forest,0.956140350877193,0.958904109589041,0.9722222222222222,0.9655172413793104,0.9937169312169312,0.9054466190452621
XGBoost,0.9473684210526315,0.9459459459459459,0.9722222222222222,0.958904109589041,0.9940476190476191,0.8864143349643965
